<?xml version="1.0" encoding="UTF-8"?>
<project-private xmlns="http://www.netbeans.org/ns/project-private/1">
    <editor-bookmarks xmlns="http://www.netbeans.org/ns/editor-bookmarks/2" lastBookmarkId="0"/>
    <open-files xmlns="http://www.netbeans.org/ns/projectui-open-files/2">
        <group>
            <file>file:/C:/Users/personal01/Documents/Valerie/U/Sexto%20semestre/Electronica%20digital/LabDigital2/Lab04/Slave/EsclavolLab04.X/I2C.h</file>
            <file>file:/C:/Users/personal01/Documents/Valerie/U/Sexto%20semestre/Electronica%20digital/LabDigital2/Lab04/Slave/EsclavolLab04.X/config_ADC.h</file>
            <file>file:/C:/Users/personal01/Documents/Valerie/U/Sexto%20semestre/Electronica%20digital/LabDigital2/Lab04/Slave/EsclavolLab04.X/I2C.c</file>
            <file>file:/C:/Users/personal01/Documents/Valerie/U/Sexto%20semestre/Electronica%20digital/LabDigital2/Lab04/Slave/EsclavolLab04.X/Esclavo_04.c</file>
            <file>file:/C:/Users/personal01/Documents/Valerie/U/Sexto%20semestre/Electronica%20digital/LabDigital2/Lab04/Slave/EsclavolLab04.X/config_ADC.c</file>
        </group>
    </open-files>
</project-private>
