<?xml version="1.0" encoding="UTF-8"?>
<project-private xmlns="http://www.netbeans.org/ns/project-private/1">
    <editor-bookmarks xmlns="http://www.netbeans.org/ns/editor-bookmarks/2" lastBookmarkId="0"/>
    <open-files xmlns="http://www.netbeans.org/ns/projectui-open-files/2">
        <group>
            <file>file:/C:/Users/personal01/Documents/Valerie/U/Sexto%20semestre/Electronica%20digital/LabDigital2/Lab05.X/Lab05.c</file>
            <file>file:/C:/Users/personal01/Documents/Valerie/U/Sexto%20semestre/Electronica%20digital/LabDigital2/Lab05.X/nbproject/Makefile-default.mk</file>
        </group>
    </open-files>
</project-private>
